radio,textura,perimetro,area,suavidad,compacidad,concavidad,puntos_concavos,simetria,dimension_fractal,diagnostico
10.6,20.0,69.28,346.4,0.09688,0.1147,0.06387,0.02642,0.1922,0.06491,1
14.53,20.0,94.25,659.7,0.08388,0.078,0.08817,0.02925,0.1473,0.05746,1
11.57,20.0,74.2,409.7,0.08546,0.07722,0.05485,0.01428,0.2031,0.06267,1
12.46,20.0,78.83,477.3,0.07372,0.04043,0.00717,0.01149,0.1613,0.06013,1
20.16,20.0,131.1,1274.0,0.0802,0.08564,0.1155,0.07726,0.1928,0.05096,0
12.56,20.0,81.92,485.8,0.0876,0.1038,0.103,0.04391,0.1533,0.06184,1
12.05,20.0,78.04,449.3,0.1031,0.09092,0.06592,0.02749,0.1675,0.06043,1
12.72,20.0,81.78,492.1,0.09667,0.08393,0.01288,0.01924,0.1638,0.061,1
10.75,20.0,68.26,355.3,0.07793,0.05139,0.02251,0.00788,0.1399,0.05688,1
11.7,20.0,74.33,418.7,0.08814,0.05253,0.01583,0.01148,0.1936,0.06128,1
8.598,20.0,54.66,221.8,0.1243,0.08963,0.03,0.00926,0.1828,0.06757,1
13.73,20.0,93.6,578.3,0.1131,0.2293,0.2128,0.08025,0.2069,0.07682,0
11.29,20.0,72.23,388.0,0.09834,0.07608,0.03265,0.02755,0.1769,0.0627,1
14.26,20.0,97.83,629.9,0.07837,0.2233,0.3003,0.07798,0.1704,0.07769,1
11.74,20.0,76.31,426.0,0.08099,0.09661,0.06726,0.02639,0.1499,0.06758,1
11.22,20.0,70.79,386.8,0.0778,0.03574,0.00497,0.00643,0.1845,0.05828,1
11.6,20.0,73.88,412.7,0.08508,0.05855,0.03367,0.01777,0.1516,0.05859,1
11.14,20.0,71.24,384.6,0.07274,0.06064,,0.01471,0.169,0.06083,1
17.47,20.0,116.1,984.6,0.1049,0.1603,0.2159,0.1043,0.1538,0.06365,0
11.36,20.0,72.49,399.8,0.08858,0.05313,0.02783,0.021,0.1601,0.05913,1
11.31,20.0,71.8,,0.08139,0.04701,0.03709,0.0223,0.1516,0.05667,1
13.05,20.0,82.61,527.2,0.0806,0.03789,0.00069,0.00417,0.1819,0.05501,1
12.63,20.0,82.15,480.4,0.09933,0.1209,0.1065,0.06021,0.1735,0.0707,1
17.85,20.0,114.6,992.1,0.07838,0.06217,0.04445,0.04178,0.122,0.05243,1
13.03,20.0,82.61,523.8,0.08983,0.03766,0.02562,0.02923,0.1467,0.05863,1
10.9,20.0,68.69,366.8,0.07515,0.03718,0.00309,0.00659,0.1442,0.05743,1
9.876,20.0,63.95,298.3,0.1005,0.09697,0.06154,0.03029,0.1945,0.06322,1
19.8,20.0,129.7,1230.0,0.09383,0.1306,0.1272,0.08691,0.2094,0.05581,0
13.81,20.0,91.56,597.8,0.1323,0.1768,0.1558,0.09176,0.2251,0.07421,0
14.26,20.0,91.22,633.1,0.06576,0.0522,0.02475,0.01374,0.1635,0.05586,1
16.02,20.0,102.7,797.8,0.08206,0.06669,0.03299,0.03323,0.1528,0.05697,0
6.981,20.0,43.79,143.5,0.117,0.07568,0.0,0.0,0.193,0.07818,1
10.82,20.0,68.89,361.6,0.08192,0.06602,0.01548,0.00816,0.1976,0.06328,1
11.49,20.0,73.99,404.9,0.1046,0.08228,0.05308,0.01969,0.1779,0.06574,1
13.87,20.0,88.52,593.7,0.08743,0.05492,0.01502,0.02088,0.1424,0.05883,1
11.43,20.0,73.66,398.0,0.1092,0.09486,0.02031,0.01861,0.1645,0.06562,1
9.683,20.0,61.05,285.7,0.08491,0.0503,0.02337,0.00962,0.158,0.06235,1
7.76,20.0,47.92,181.0,0.05263,0.04362,0.0,0.0,0.1587,0.05884,1
18.61,20.0,122.1,1094.0,0.0944,0.1066,0.149,0.07731,0.1697,0.05699,0
20.31,20.0,132.9,1288.0,0.1,0.1088,0.1519,0.09333,0.1814,0.05572,0
18.65,20.0,123.7,1076.0,0.1099,0.1686,0.1974,0.1009,0.1907,0.06049,0
12.19,20.0,79.08,455.8,0.1066,0.09509,0.02855,0.02882,0.188,0.06471,1
15.19,20.0,97.65,711.8,0.07963,0.06934,0.03393,0.02657,0.1721,0.05544,1
18.22,20.0,120.3,1033.0,0.1148,0.1485,0.1772,0.106,0.2092,0.0631,0
14.53,20.0,93.86,644.2,0.1099,0.09242,0.06895,0.06495,0.165,0.06121,1
13.34,20.0,86.49,520.0,0.1078,0.1535,0.1169,0.06987,0.1942,0.06902,1
15.37,20.0,100.2,728.2,0.092,0.1036,0.1122,0.07483,0.1717,0.06097,0
13.8,20.0,90.43,584.1,0.1007,0.128,0.07789,0.05069,0.1662,0.06566,0
13.28,20.0,87.32,545.2,0.1041,0.1436,0.09847,0.06158,0.1974,0.06782,0
11.16,20.0,70.95,380.3,0.1018,0.05978,0.00895,0.01076,0.1615,0.06144,1
20.13,20.0,131.2,1261.0,0.0978,0.1034,0.144,0.09791,0.1752,0.05533,0
12.85,20.0,82.63,514.5,0.07551,0.08316,0.06126,0.01867,0.158,0.06114,1
11.45,20.0,73.81,401.5,0.1102,0.09362,0.04591,0.02233,0.1842,0.07005,1
16.16,20.0,106.2,809.8,0.1008,0.1284,0.1043,0.05613,0.216,0.05891,0
15.3,20.0,102.4,732.4,0.1082,0.1697,0.1683,0.08751,0.1926,0.0654,0
13.47,20.0,87.32,546.3,0.1071,0.1155,0.05786,0.05266,0.1779,0.06639,1
12.32,20.0,78.85,464.1,0.1028,0.06981,0.03987,0.037,0.1959,0.05955,1
16.84,20.0,108.4,880.2,0.07445,0.07223,0.0515,0.02771,0.1844,0.05268,1
13.75,20.0,88.54,590.0,0.08043,0.06807,0.04697,0.02344,0.1773,0.05429,1
14.06,20.0,89.75,609.1,0.08045,0.05361,0.02681,0.03251,0.1641,0.05764,1
